[
{
    "model": "users.customuser",
    "pk": 1,
    "fields": {
        "password": "pbkdf2_sha256$216000$CeAfxctQMejL$/w3D+gU9AX1V2F3PZoubKAR4UOpE+Q/GGnNKXmE0waI=",
        "last_login": "2021-02-12T12:41:32.706",
        "is_superuser": false,
        "username": "testUser",
        "first_name": "User First Name",
        "last_name": "User Last Name",
        "email": "test@user.com",
        "is_staff": false,
        "is_active": true,
        "date_joined": "2020-12-03T10:30:48.422",
        "groups": [],
        "user_permissions": []
    }
},
{
    "model": "projects.economicdata",
    "pk": 1,
    "fields": {
        "duration": 30,
        "currency": "EUR",
        "discount": 0.08,
        "tax": 0.0
    }
},
{
    "model": "projects.project",
    "pk": 1,
    "fields": {
        "date_created": "2020-12-03T10:32:52.962",
        "date_updated": "2020-12-03T10:32:52.962",
        "name": "Benchmark test for simple case electricity bus",
        "description": "Project Descritpion",
        "country": "Germany",
        "latitude": 51.756961,
        "longitude": 12.517865,
        "economic_data": 1,
        "user": 1
    }
},
{
    "model": "projects.scenario",
    "pk": 2,
    "fields": {
        "name": "A+B+E",
        "start_date": "2018-01-01T00:00:00",
        "time_step": 60,
        "capex_fix": 0.0,
        "capex_var": 0.0,
        "opex_fix": 0.0,
        "opex_var": 0.0,
        "evaluated_period": 7,
        "project": 1
    }
},
{
    "model": "projects.assettype",
    "pk": 1,
    "fields": {
        "asset_type": "dso",
        "asset_category": "energy_provider",
        "energy_vector": "Electricity",
        "mvs_type": "source",
        "asset_fields": "[name,energy_price,feedin_tariff,peak_demand_pricing,peak_demand_pricing_period,renewable_share]",
        "unit": null
    }
},
{
    "model": "projects.assettype",
    "pk": 2,
    "fields": {
        "asset_type": "demand",
        "asset_category": "energy_consumption",
        "energy_vector": "Electricity",
        "mvs_type": "sink",
        "asset_fields": "[name,input_timeseries]",
        "unit": "kWh"
    }
},
{
    "model": "projects.assettype",
    "pk": 3,
    "fields": {
        "asset_type": "transformer_station_in",
        "asset_category": "energy_conversion",
        "energy_vector": "Electricity",
        "mvs_type": "transformer",
        "asset_fields": "[name,age_installed,installed_capacity,capex_fix,capex_var,opex_fix,opex_var,lifetime,optimize_cap,efficiency]",
        "unit": "kVA"
    }
},
{
    "model": "projects.assettype",
    "pk": 4,
    "fields": {
        "asset_type": "transformer_station_out",
        "asset_category": "energy_conversion",
        "energy_vector": "Electricity",
        "mvs_type": "transformer",
        "asset_fields": "[name,age_installed,installed_capacity,capex_fix,capex_var,opex_fix,opex_var,lifetime,optimize_cap,efficiency]",
        "unit": "kVA"
    }
},
{
    "model": "projects.assettype",
    "pk": 5,
    "fields": {
        "asset_type": "storage_charge_controller_in",
        "asset_category": "energy_conversion",
        "energy_vector": "Electricity",
        "mvs_type": "transformer",
        "asset_fields": "[name,age_installed,installed_capacity,capex_fix,capex_var,opex_fix,opex_var,lifetime,optimize_cap,efficiency]",
        "unit": "kVA"
    }
},
{
    "model": "projects.assettype",
    "pk": 6,
    "fields": {
        "asset_type": "storage_charge_controller_out",
        "asset_category": "energy_conversion",
        "energy_vector": "Electricity",
        "mvs_type": "transformer",
        "asset_fields": "[name,age_installed,installed_capacity,capex_fix,capex_var,opex_fix,opex_var,lifetime,optimize_cap,efficiency]",
        "unit": "kVA"
    }
},
{
    "model": "projects.assettype",
    "pk": 7,
    "fields": {
        "asset_type": "solar_inverter",
        "asset_category": "energy_conversion",
        "energy_vector": "Electricity",
        "mvs_type": "transformer",
        "asset_fields": "[name,age_installed,installed_capacity,capex_fix,capex_var,opex_fix,opex_var,lifetime,optimize_cap,efficiency]",
        "unit": "kVA"
    }
},
{
    "model": "projects.assettype",
    "pk": 8,
    "fields": {
        "asset_type": "pv_plant",
        "asset_category": "energy_production",
        "energy_vector": "Electricity",
        "mvs_type": "source",
        "asset_fields": "[name,age_installed,installed_capacity,capex_fix,capex_var,opex_fix,opex_var,lifetime,optimize_cap, renewable_asset, input_timeseries]",
        "unit": "kWh"
    }
},
{
    "model": "projects.assettype",
    "pk": 9,
    "fields": {
        "asset_type": "wind_plant",
        "asset_category": "energy_production",
        "energy_vector": "Electricity",
        "mvs_type": "source",
        "asset_fields": "[name,age_installed,installed_capacity,capex_fix,capex_var,opex_fix,opex_var,lifetime,optimize_cap, renewable_asset, input_timeseries]",
        "unit": "kWh"
    }
},
{
    "model": "projects.assettype",
    "pk": 10,
    "fields": {
        "asset_type": "charging_power",
        "asset_category": "energy_storage",
        "energy_vector": "Electricity",
        "mvs_type": "storage",
        "asset_fields": "[name,age_installed,installed_capacity,capex_fix,capex_var,opex_fix,opex_var,lifetime,crate,efficiency]",
        "unit": "kW"
    }
},
{
    "model": "projects.assettype",
    "pk": 11,
    "fields": {
        "asset_type": "discharging_power",
        "asset_category": "energy_storage",
        "energy_vector": "Electricity",
        "mvs_type": "storage",
        "asset_fields": "[name,age_installed,installed_capacity,capex_fix,capex_var,opex_fix,opex_var,lifetime,crate,efficiency]",
        "unit": "kW"
    }
},
{
    "model": "projects.assettype",
    "pk": 12,
    "fields": {
        "asset_type": "capacity",
        "asset_category": "energy_storage",
        "energy_vector": "Electricity",
        "mvs_type": "storage",
        "asset_fields": "[name,age_installed,installed_capacity,capex_fix,capex_var,opex_fix,opex_var,lifetime,optimize_cap,efficiency,soc_max,soc_min]",
        "unit": "kWh"
    }
},
{
    "model": "projects.assettype",
    "pk": 13,
    "fields": {
        "asset_type": "bess",
        "asset_category": "energy_storage",
        "energy_vector": "Electricity",
        "mvs_type": "storage",
        "asset_fields": "[name]",
        "unit": "kW"
    }
},
{
    "model": "projects.assettype",
    "pk": 14,
    "fields": {
        "asset_type": "diesel_generator",
        "asset_category": "energy_conversion",
        "energy_vector": "Electricity",
        "mvs_type": "transformer",
        "asset_fields": "[name,age_installed,installed_capacity,capex_fix,capex_var,opex_fix,opex_var,lifetime,optimize_cap,efficiency]",
        "unit": "kVA"
    }
},
{
    "model": "projects.assettype",
    "pk": 15,
    "fields": {
        "asset_type": "fuel_cell",
        "asset_category": "energy_conversion",
        "energy_vector": "Electricity",
        "mvs_type": "transformer",
        "asset_fields": "[name,age_installed,installed_capacity,capex_fix,capex_var,opex_fix,opex_var,lifetime,optimize_cap,efficiency]",
        "unit": "kVA"
    }
},
{
    "model": "projects.assettype",
    "pk": 16,
    "fields": {
        "asset_type": "gas_boiler",
        "asset_category": "energy_conversion",
        "energy_vector": "Gas",
        "mvs_type": "transformer",
        "asset_fields": "[name,age_installed,installed_capacity,capex_fix,capex_var,opex_fix,opex_var,lifetime,optimize_cap,efficiency]",
        "unit": null
    }
},
{
    "model": "projects.assettype",
    "pk": 17,
    "fields": {
        "asset_type": "electrolyzer",
        "asset_category": "energy_conversion",
        "energy_vector": "H2",
        "mvs_type": "transformer",
        "asset_fields": "[name,age_installed,installed_capacity,capex_fix,capex_var,opex_fix,opex_var,lifetime,optimize_cap,efficiency]",
        "unit": null
    }
},
{
    "model": "projects.assettype",
    "pk": 18,
    "fields": {
        "asset_type": "heat_pump",
        "asset_category": "energy_conversion",
        "energy_vector": "Heat",
        "mvs_type": "transformer",
        "asset_fields": "[name,age_installed,installed_capacity,capex_fix,capex_var,opex_fix,opex_var,lifetime,optimize_cap,efficiency]",
        "unit": null
    }
},
{
    "model": "projects.assettype",
    "pk": 19,
    "fields": {
        "asset_type": "gas_demand",
        "asset_category": "energy_consumption",
        "energy_vector": "Gas",
        "mvs_type": "sink",
        "asset_fields": "[name,input_timeseries]",
        "unit": null
    }
},
{
    "model": "projects.assettype",
    "pk": 20,
    "fields": {
        "asset_type": "h2_demand",
        "asset_category": "energy_consumption",
        "energy_vector": "H2",
        "mvs_type": "sink",
        "asset_fields": "[name,input_timeseries]",
        "unit": null
    }
},
{
    "model": "projects.assettype",
    "pk": 21,
    "fields": {
        "asset_type": "heat_demand",
        "asset_category": "energy_consumption",
        "energy_vector": "Heat",
        "mvs_type": "sink",
        "asset_fields": "[name,input_timeseries]",
        "unit": null
    }
},
{
    "model": "projects.assettype",
    "pk": 22,
    "fields": {
        "asset_type": "gas_dso",
        "asset_category": "energy_provider",
        "energy_vector": "Gas",
        "mvs_type": "source",
        "asset_fields": "[name,energy_price,feedin_tariff,peak_demand_pricing,peak_demand_pricing_period,renewable_share]",
        "unit": null
    }
},
{
    "model": "projects.assettype",
    "pk": 23,
    "fields": {
        "asset_type": "h2_dso",
        "asset_category": "energy_provider",
        "energy_vector": "H2",
        "mvs_type": "source",
        "asset_fields": "[name,energy_price,feedin_tariff,peak_demand_pricing,peak_demand_pricing_period,renewable_share]",
        "unit": null
    }
},
{
    "model": "projects.assettype",
    "pk": 24,
    "fields": {
        "asset_type": "heat_dso",
        "asset_category": "energy_provider",
        "energy_vector": "Heat",
        "mvs_type": "source",
        "asset_fields": "[name,energy_price,feedin_tariff,peak_demand_pricing,peak_demand_pricing_period,renewable_share]",
        "unit": null
    }
},
{
    "model": "projects.assettype",
    "pk": 25,
    "fields": {
        "asset_type": "biogas_plant",
        "asset_category": "energy_production",
        "energy_vector": "Gas",
        "mvs_type": "source",
        "asset_fields": "[name,age_installed,installed_capacity,capex_fix,capex_var,opex_fix,opex_var,lifetime,optimize_cap, renewable_asset, input_timeseries]",
        "unit": null
    }
},
{
    "model": "projects.assettype",
    "pk": 26,
    "fields": {
        "asset_type": "geothermal_conversion",
        "asset_category": "energy_production",
        "energy_vector": "Electricity",
        "mvs_type": "source",
        "asset_fields": "[name,age_installed,installed_capacity,capex_fix,capex_var,opex_fix,opex_var,lifetime,optimize_cap, renewable_asset, input_timeseries]",
        "unit": "kWh"
    }
},
{
    "model": "projects.assettype",
    "pk": 27,
    "fields": {
        "asset_type": "solar_thermal_plant",
        "asset_category": "energy_production",
        "energy_vector": "Heat",
        "mvs_type": "source",
        "asset_fields": "[name,age_installed,installed_capacity,capex_fix,capex_var,opex_fix,opex_var,lifetime,optimize_cap, renewable_asset, input_timeseries]",
        "unit": null
    }
},
{
    "model": "projects.assettype",
    "pk": 28,
    "fields": {
        "asset_type": "gess",
        "asset_category": "energy_storage",
        "energy_vector": "Gas",
        "mvs_type": "storage",
        "asset_fields": "[name]",
        "unit": "l"
    }
},
{
    "model": "projects.assettype",
    "pk": 29,
    "fields": {
        "asset_type": "h2ess",
        "asset_category": "energy_storage",
        "energy_vector": "H2",
        "mvs_type": "storage",
        "asset_fields": "[name]",
        "unit": "kgH2"
    }
},
{
    "model": "projects.assettype",
    "pk": 30,
    "fields": {
        "asset_type": "hess",
        "asset_category": "energy_storage",
        "energy_vector": "Heat",
        "mvs_type": "storage",
        "asset_fields": "[name]",
        "unit": "kw (thermal)"
    }
},
{
    "model": "projects.valuetype",
    "pk": 1,
    "fields": {
        "type": "duration",
        "unit": "year"
    }
},
{
    "model": "projects.valuetype",
    "pk": 2,
    "fields": {
        "type": "annuity_factor",
        "unit": ""
    }
},
{
    "model": "projects.valuetype",
    "pk": 3,
    "fields": {
        "type": "discount",
        "unit": "factor"
    }
},
{
    "model": "projects.valuetype",
    "pk": 4,
    "fields": {
        "type": "tax",
        "unit": "factor"
    }
},
{
    "model": "projects.valuetype",
    "pk": 5,
    "fields": {
        "type": "crf",
        "unit": ""
    }
},
{
    "model": "projects.valuetype",
    "pk": 6,
    "fields": {
        "type": "crate",
        "unit": "factor of total capacity (kWh)"
    }
},
{
    "model": "projects.valuetype",
    "pk": 7,
    "fields": {
        "type": "age_installed",
        "unit": "year"
    }
},
{
    "model": "projects.valuetype",
    "pk": 9,
    "fields": {
        "type": "soc_max",
        "unit": "factor"
    }
},
{
    "model": "projects.valuetype",
    "pk": 10,
    "fields": {
        "type": "soc_min",
        "unit": "factor"
    }
},
{
    "model": "projects.valuetype",
    "pk": 11,
    "fields": {
        "type": "capex_fix",
        "unit": "currency"
    }
},
{
    "model": "projects.valuetype",
    "pk": 12,
    "fields": {
        "type": "opex_var",
        "unit": "currency/unit/year"
    }
},
{
    "model": "projects.valuetype",
    "pk": 13,
    "fields": {
        "type": "efficiency",
        "unit": "factor"
    }
},
{
    "model": "projects.valuetype",
    "pk": 14,
    "fields": {
        "type": "installed_capacity",
        "unit": "unit"
    }
},
{
    "model": "projects.valuetype",
    "pk": 15,
    "fields": {
        "type": "lifetime",
        "unit": "year"
    }
},
{
    "model": "projects.valuetype",
    "pk": 16,
    "fields": {
        "type": "maximum_capacity",
        "unit": "kW"
    }
},
{
    "model": "projects.valuetype",
    "pk": 17,
    "fields": {
        "type": "energy_price",
        "unit": "currency/kWh"
    }
},
{
    "model": "projects.valuetype",
    "pk": 18,
    "fields": {
        "type": "feedin_tariff",
        "unit": "currency/kWh"
    }
},
{
    "model": "projects.valuetype",
    "pk": 19,
    "fields": {
        "type": "optimize_cap",
        "unit": "bool"
    }
},
{
    "model": "projects.valuetype",
    "pk": 20,
    "fields": {
        "type": "peak_demand_pricing",
        "unit": "currency/kW"
    }
},
{
    "model": "projects.valuetype",
    "pk": 21,
    "fields": {
        "type": "peak_demand_pricing_period",
        "unit": "times per year (1,2,3,4,6,12)"
    }
},
{
    "model": "projects.valuetype",
    "pk": 22,
    "fields": {
        "type": "renewable_share",
        "unit": "factor"
    }
},
{
    "model": "projects.valuetype",
    "pk": 23,
    "fields": {
        "type": "capex_var",
        "unit": "currency/unit"
    }
},
{
    "model": "projects.valuetype",
    "pk": 24,
    "fields": {
        "type": "opex_fix",
        "unit": "currency/year"
    }
},
{
    "model": "projects.valuetype",
    "pk": 25,
    "fields": {
        "type": "specific_costs_om",
        "unit": "currency/year"
    }
},
{
    "model": "projects.valuetype",
    "pk": 26,
    "fields": {
        "type": "input_timeseries",
        "unit": "kWh"
    }
},
{
    "model": "projects.valuetype",
    "pk": 27,
    "fields": {
        "type": "evaluated_period",
        "unit": "days"
    }
},
{
    "model": "projects.valuetype",
    "pk": 28,
    "fields": {
        "type": "renewable_asset",
        "unit": "bool"
    }
},
{
    "model": "projects.asset",
    "pk": 9,
    "fields": {
        "name": "demand_01",
        "pos_x": 1317.0,
        "pos_y": 237.33333333333334,
        "scenario": 2,
        "parent_asset": null,
        "unique_id": "05c6ca6c-4bd0-46f6-bdd0-3931dd73701c",
        "capex_fix": null,
        "capex_var": null,
        "opex_fix": null,
        "opex_var": null,
        "lifetime": null,
        "input_timeseries": "[638.4483146841566, 756.0975609756099, 857.1252591153891, 934.6465384314336, 983.3784518483262, 1000.0, 983.3784518483262, 934.6465384314336, 857.1252591153892, 756.0975609756099, 638.4483146841567, 512.1951219512197, 385.94192921828267, 268.29268292682946, 167.26498478705022, 89.74370547100571, 41.011792054113045, 24.39024390243905, 41.011792054112995, 89.7437054710056, 167.26498478704994, 268.2926829268291, 385.9419292182822, 512.1951219512194, 638.4483146841567, 756.0975609756099, 857.125259115389, 934.6465384314334, 983.3784518483262, 1000.0, 983.3784518483262, 934.6465384314338, 857.125259115389, 756.0975609756098, 638.4483146841566, 512.1951219512198, 385.94192921828295, 268.29268292682974, 167.2649847870505, 89.74370547100554, 41.011792054113315, 24.39024390243905, 41.011792054112995, 89.74370547100533, 167.26498478705017, 268.2926829268286, 385.94192921828255, 512.1951219512193, 638.4483146841562, 756.0975609756102, 857.1252591153888, 934.6465384314336, 983.3784518483262, 1000.0, 983.378451848326, 934.6465384314339, 857.1252591153897, 756.0975609756099, 638.4483146841567, 512.1951219512208, 385.94192921828306, 268.29268292682985, 167.26498478704994, 89.74370547100602, 41.0117920541131, 24.39024390243905, 41.01179205411294, 89.74370547100571, 167.26498478704946, 268.2926829268293, 385.9419292182833, 512.1951219512192, 638.4483146841552, 756.0975609756093, 857.1252591153892, 934.6465384314332, 983.3784518483262, 1000.0, 983.3784518483262, 934.6465384314336, 857.1252591153897, 756.0975609756115, 638.448314684156, 512.19512195122, 385.9419292182823, 268.29268292682997, 167.26498478705125, 89.74370547100608, 41.01179205411315, 24.39024390243905, 41.01179205411288, 89.74370547100479, 167.2649847870494, 268.2926829268292, 385.9419292182832, 512.1951219512192, 638.4483146841552, 756.0975609756092, 857.1252591153891, 934.646538431434, 983.378451848326, 1000.0, 983.3784518483262, 934.6465384314336, 857.1252591153886, 756.0975609756101, 638.4483146841577, 512.1951219512201, 385.94192921828414, 268.29268292682855, 167.2649847870501, 89.74370547100614, 41.01179205411315, 24.39024390243905, 41.011792054113315, 89.7437054710056, 167.26498478704931, 268.29268292682906, 385.94192921828136, 512.1951219512172, 638.4483146841567, 756.0975609756091, 857.1252591153878, 934.646538431433, 983.378451848326, 1000.0, 983.3784518483258, 934.6465384314345, 857.1252591153899, 756.0975609756102, 638.4483146841562, 512.1951219512185, 385.94192921828426, 268.2926829268302, 167.26498478705022, 89.74370547100533, 41.011792054112775, 24.39024390243905, 41.01179205411283, 89.74370547100548, 167.264984787048, 268.2926829268305, 385.94192921828125, 512.1951219512189, 638.4483146841566, 756.0975609756075, 857.1252591153901, 934.646538431433, 983.378451848326, 1000.0, 983.3784518483269, 934.6465384314346, 857.12525911539, 756.0975609756103, 638.4483146841563, 512.1951219512221, 385.9419292182844, 268.29268292683025, 167.26498478705028, 89.74370547100538, 41.0117920541137, 24.39024390243905, 41.01179205411283, 89.74370547100371, 167.2649847870479, 268.29268292683037, 385.9419292182845, 512.1951219512188]",
        "crate": null,
        "efficiency": null,
        "soc_max": null,
        "soc_min": null,
        "dispatchable": null,
        "maximum_capacity": null,
        "energy_price": null,
        "feedin_tariff": null,
        "peak_demand_pricing": null,
        "peak_demand_pricing_period": null,
        "renewable_share": null,
        "renewable_asset": null,
        "asset_type": 2,
        "optimize_cap": null,
        "installed_capacity": null,
        "age_installed": null
    }
},
{
    "model": "projects.asset",
    "pk": 10,
    "fields": {
        "name": "Electricity_grid_DSO",
        "pos_x": 292.6666666666667,
        "pos_y": 152.0,
        "scenario": 2,
        "parent_asset": null,
        "unique_id": "c1906836-39ee-452a-8017-c5125c6c527c",
        "capex_fix": null,
        "capex_var": null,
        "opex_fix": null,
        "opex_var": null,
        "lifetime": null,
        "input_timeseries": null,
        "crate": null,
        "efficiency": null,
        "soc_max": null,
        "soc_min": null,
        "dispatchable": false,
        "maximum_capacity": null,
        "energy_price": 0.54,
        "feedin_tariff": 0.4,
        "peak_demand_pricing": 0.0,
        "peak_demand_pricing_period": 1,
        "renewable_share": 0.1,
        "renewable_asset": null,
        "asset_type": 1,
        "optimize_cap": true,
        "installed_capacity": null,
        "age_installed": null
    }
},
{
    "model": "projects.asset",
    "pk": 11,
    "fields": {
        "name": "pv_plant_01",
        "pos_x": 432.14285714285717,
        "pos_y": 319.14285714285717,
        "scenario": 2,
        "parent_asset": null,
        "unique_id": "882e7bff-0689-47e3-a9c0-b82214ee524a",
        "capex_fix": 0.0,
        "capex_var": 0.0,
        "opex_fix": 0.0,
        "opex_var": 0.0,
        "lifetime": 30,
        "input_timeseries": "[0.0, 0.0, 0.0, 0.0, 0.0, 0.001, 0.031, 0.08, 0.161, 0.269, 0.408, 0.591, 0.677, 0.71, 0.713, 0.68, 0.574, 0.441, 0.324, 0.228, 0.124, 0.055, 0.012, 0.0, 0.0, 0.0, 0.0, 0.0, 0.0, 0.0, 0.017, 0.048, 0.101, 0.165, 0.233, 0.293, 0.32, 0.307, 0.305, 0.322, 0.306, 0.238, 0.173, 0.113, 0.062, 0.028, 0.005, 0.0, 0.0, 0.0, 0.0, 0.0, 0.0, 0.001, 0.032, 0.066, 0.176, 0.351, 0.511, 0.637, 0.751, 0.811, 0.826, 0.8, 0.702, 0.579, 0.436, 0.276, 0.118, 0.053, 0.015, 0.0, 0.0, 0.0, 0.0, 0.0, 0.0, 0.0, 0.012, 0.05, 0.111, 0.198, 0.305, 0.343, 0.331, 0.484, 0.652, 0.762, 0.523, 0.312, 0.329, 0.265, 0.129, 0.06, 0.014, 0.0, 0.0, 0.0, 0.0, 0.0, 0.0, 0.002, 0.033, 0.056, 0.185, 0.386, 0.57, 0.714, 0.776, 0.603, 0.387, 0.284, 0.264, 0.228, 0.187, 0.156, 0.107, 0.056, 0.015, 0.0, 0.0, 0.0, 0.0, 0.0, 0.0, 0.001, 0.032, 0.064, 0.174, 0.349, 0.523, 0.666, 0.765, 0.773, 0.757, 0.711, 0.606, 0.45, 0.242, 0.145, 0.099, 0.052, 0.011, 0.0, 0.0, 0.0, 0.0, 0.0, 0.0, 0.0, 0.023, 0.07, 0.14, 0.228, 0.317, 0.414, 0.506, 0.537, 0.535, 0.534, 0.472, 0.427, 0.312, 0.209, 0.109, 0.05, 0.012, 0.0]",
        "crate": null,
        "efficiency": null,
        "soc_max": null,
        "soc_min": null,
        "dispatchable": false,
        "maximum_capacity": null,
        "energy_price": null,
        "feedin_tariff": null,
        "peak_demand_pricing": null,
        "peak_demand_pricing_period": null,
        "renewable_share": null,
        "renewable_asset": true,
        "asset_type": 8,
        "optimize_cap": false,
        "installed_capacity": 1000.0,
        "age_installed": 0.0
    }
},
{
    "model": "projects.asset",
    "pk": 16,
    "fields": {
        "name": "transformer_station_in",
        "pos_x": 788.6666666666666,
        "pos_y": 211.0,
        "scenario": 2,
        "parent_asset": null,
        "unique_id": "1b86799a-8b37-4202-a5f8-4d821441e07b",
        "capex_fix": 0.0,
        "capex_var": 0.0,
        "opex_fix": 0.0,
        "opex_var": 0.0,
        "lifetime": 30,
        "input_timeseries": null,
        "crate": null,
        "efficiency": 0.96,
        "soc_max": null,
        "soc_min": null,
        "dispatchable": false,
        "maximum_capacity": null,
        "energy_price": null,
        "feedin_tariff": null,
        "peak_demand_pricing": null,
        "peak_demand_pricing_period": null,
        "renewable_share": null,
        "renewable_asset": null,
        "asset_type": 3,
        "optimize_cap": false,
        "installed_capacity": 1250.0,
        "age_installed": 5.0
    }
},
{
    "model": "projects.asset",
    "pk": 17,
    "fields": {
        "name": "ESS1",
        "pos_x": 960.2857142857143,
        "pos_y": 398.0,
        "scenario": 2,
        "parent_asset": null,
        "unique_id": "d23488a1-e8ab-45c7-be71-9dc6d4741de7",
        "capex_fix": null,
        "capex_var": null,
        "opex_fix": null,
        "opex_var": null,
        "lifetime": null,
        "input_timeseries": null,
        "crate": null,
        "efficiency": null,
        "soc_max": null,
        "soc_min": null,
        "dispatchable": null,
        "maximum_capacity": null,
        "energy_price": null,
        "feedin_tariff": null,
        "peak_demand_pricing": null,
        "peak_demand_pricing_period": null,
        "renewable_share": null,
        "renewable_asset": null,
        "asset_type": 13,
        "optimize_cap": null,
        "installed_capacity": null,
        "age_installed": null
    }
},
{
    "model": "projects.asset",
    "pk": 18,
    "fields": {
        "name": "DIscharge",
        "pos_x": 1259.4285714285713,
        "pos_y": 435.0,
        "scenario": 2,
        "parent_asset": 17,
        "unique_id": "ce92f00f-7ed0-4a61-be92-8cc185ca7bbf",
        "capex_fix": 2.0,
        "capex_var": 2.0,
        "opex_fix": 2.0,
        "opex_var": 2.0,
        "lifetime": 2,
        "input_timeseries": null,
        "crate": 1.0,
        "efficiency": 0.9,
        "soc_max": null,
        "soc_min": null,
        "dispatchable": false,
        "maximum_capacity": null,
        "energy_price": null,
        "feedin_tariff": null,
        "peak_demand_pricing": null,
        "peak_demand_pricing_period": null,
        "renewable_share": null,
        "renewable_asset": null,
        "asset_type": 11,
        "optimize_cap": null,
        "installed_capacity": 500.0,
        "age_installed": 0.0
    }
},
{
    "model": "projects.asset",
    "pk": 19,
    "fields": {
        "name": "Charge",
        "pos_x": 964.5714285714286,
        "pos_y": 427.0,
        "scenario": 2,
        "parent_asset": 17,
        "unique_id": "64d2a92d-880f-41ff-989f-1f71b657db94",
        "capex_fix": 2.0,
        "capex_var": 2.0,
        "opex_fix": 2.0,
        "opex_var": 2.0,
        "lifetime": 10,
        "input_timeseries": null,
        "crate": 0.2,
        "efficiency": 0.9,
        "soc_max": null,
        "soc_min": null,
        "dispatchable": false,
        "maximum_capacity": null,
        "energy_price": null,
        "feedin_tariff": null,
        "peak_demand_pricing": null,
        "peak_demand_pricing_period": null,
        "renewable_share": null,
        "renewable_asset": null,
        "asset_type": 10,
        "optimize_cap": null,
        "installed_capacity": 100.0,
        "age_installed": 0.0
    }
},
{
    "model": "projects.asset",
    "pk": 20,
    "fields": {
        "name": "Cap",
        "pos_x": 978.0,
        "pos_y": 607.4285714285714,
        "scenario": 2,
        "parent_asset": 17,
        "unique_id": "f541df07-4579-4541-ac5e-f358fbae97de",
        "capex_fix": 2.0,
        "capex_var": 200.0,
        "opex_fix": 2.0,
        "opex_var": 2.0,
        "lifetime": 10,
        "input_timeseries": null,
        "crate": null,
        "efficiency": 0.999,
        "soc_max": 1.0,
        "soc_min": 0.2,
        "dispatchable": false,
        "maximum_capacity": null,
        "energy_price": null,
        "feedin_tariff": null,
        "peak_demand_pricing": null,
        "peak_demand_pricing_period": null,
        "renewable_share": null,
        "renewable_asset": null,
        "asset_type": 12,
        "optimize_cap": true,
        "installed_capacity": 500.0,
        "age_installed": 0.0
    }
},
{
    "model": "projects.bus",
    "pk": 4,
    "fields": {
        "name": "Electricity (DSO)",
        "pos_x": 501.3333333333333,
        "pos_y": 136.0,
        "scenario": 2,
        "parent_asset": null,
        "type": "Electricity",
        "input_ports": 1,
        "output_ports": 1
    }
},
{
    "model": "projects.bus",
    "pk": 6,
    "fields": {
        "name": "Electricity",
        "pos_x": 1018.6666666666666,
        "pos_y": 253.0,
        "scenario": 2,
        "parent_asset": null,
        "type": "Electricity",
        "input_ports": 3,
        "output_ports": 2
    }
},
{
    "model": "projects.bus",
    "pk": 7,
    "fields": {
        "name": "storage bus",
        "pos_x": 1135.4285714285713,
        "pos_y": 512.0,
        "scenario": 2,
        "parent_asset": 17,
        "type": "Electricity",
        "input_ports": 2,
        "output_ports": 1
    }
},
{
    "model": "projects.connectionlink",
    "pk": 61,
    "fields": {
        "bus": 4,
        "bus_connection_port": "output_1",
        "asset": 16,
        "flow_direction": "B2A",
        "scenario": 2
    }
},
{
    "model": "projects.connectionlink",
    "pk": 62,
    "fields": {
        "bus": 6,
        "bus_connection_port": "output_1",
        "asset": 9,
        "flow_direction": "B2A",
        "scenario": 2
    }
},
{
    "model": "projects.connectionlink",
    "pk": 63,
    "fields": {
        "bus": 6,
        "bus_connection_port": "output_2",
        "asset": 17,
        "flow_direction": "B2A",
        "scenario": 2
    }
},
{
    "model": "projects.connectionlink",
    "pk": 64,
    "fields": {
        "bus": 7,
        "bus_connection_port": "output_1",
        "asset": 18,
        "flow_direction": "B2A",
        "scenario": 2
    }
},
{
    "model": "projects.connectionlink",
    "pk": 65,
    "fields": {
        "bus": 6,
        "bus_connection_port": "input_3",
        "asset": 17,
        "flow_direction": "A2B",
        "scenario": 2
    }
},
{
    "model": "projects.connectionlink",
    "pk": 66,
    "fields": {
        "bus": 4,
        "bus_connection_port": "input_1",
        "asset": 10,
        "flow_direction": "A2B",
        "scenario": 2
    }
},
{
    "model": "projects.connectionlink",
    "pk": 67,
    "fields": {
        "bus": 6,
        "bus_connection_port": "input_1",
        "asset": 16,
        "flow_direction": "A2B",
        "scenario": 2
    }
},
{
    "model": "projects.connectionlink",
    "pk": 68,
    "fields": {
        "bus": 6,
        "bus_connection_port": "input_2",
        "asset": 11,
        "flow_direction": "A2B",
        "scenario": 2
    }
},
{
    "model": "projects.connectionlink",
    "pk": 69,
    "fields": {
        "bus": 7,
        "bus_connection_port": "input_1",
        "asset": 19,
        "flow_direction": "A2B",
        "scenario": 2
    }
},
{
    "model": "projects.connectionlink",
    "pk": 70,
    "fields": {
        "bus": 7,
        "bus_connection_port": "input_2",
        "asset": 20,
        "flow_direction": "A2B",
        "scenario": 2
    }
},
{
    "model": "projects.simulation",
    "pk": 6,
    "fields": {
        "start_date": "2021-02-12T12:47:21.235",
        "end_date": "2021-02-12T12:47:29.431",
        "elapsed_seconds": 8.0,
        "mvs_token": "209e4616-1422-4018-aef6-cc3bf0c472dd",
        "status": "DONE",
        "scenario": 2,
        "user_rating": null,
        "results": null
    }
},
{
    "model": "dashboard.kpiscalarresults",
    "pk": 3,
    "fields": {
        "scalar_values": "{\"Attributed costsElectricity\": 916239.19202, \"Degree of autonomy\": 0.4353344671201814, \"Levelized costs of electricity equivalent\": 0.9458260225721522, \"Levelized costs of electricity equivalentElectricity\": 0.9458260225721522, \"Onsite energy fraction\": 1.0, \"Onsite energy matching\": 0.21400038552097508, \"Renewable factor\": 0.4123634652694242, \"Renewable share of local generation\": 1.0, \"Replacement_costs_during_project_lifetime\": 82280.28598999999, \"Specific emissions per electricity equivalent\": 0.0, \"Total emissions\": 0.0, \"Total internal generation\": 37460.0, \"Total internal non-renewable generation\": 0, \"Total internal renewable generation\": 37460.0, \"Total non-renewable energy use\": 63424.761006600005, \"Total renewable energy use\": 44507.1956674, \"Total_demandElectricity\": 86048.78048780488, \"Total_demandElectricity_electricity_equivalent\": 86048.78048780488, \"Total_demand_electricity_equivalent\": 86048.78048780488, \"Total_excessElectricity\": 19045.527801999997, \"Total_excessElectricity_electricity_equivalent\": 19045.527801999997, \"Total_excess_electricity_equivalent\": 19045.527801999997, \"Total_feedinElectricity\": 0.0, \"Total_feedinElectricity_electricity_equivalent\": 0.0, \"Total_feedin_electricity_equivalent\": 0.0, \"annuity_om\": 74077.8962, \"annuity_total\": 81387.1758, \"costs_cost_om\": 24767.12335, \"costs_dispatch\": 809185.7826700001, \"costs_investment_over_lifetime\": 82286.28598999999, \"costs_om_total\": 833952.90602, \"costs_total\": 916239.19202, \"costs_upfront_in_year_zero\": 6.0}",
        "simulation": 6
    }
},
{
    "model": "dashboard.kpicostsmatrixresults",
    "pk": 3,
    "fields": {
        "cost_values": "{\"Cap\": {\"Replacement_costs_during_project_lifetime\": 76724.31738, \"annuity_om\": 34785.50016, \"annuity_total\": 41600.90201, \"costs_cost_om\": 11257.78334, \"costs_dispatch\": 380349.84094, \"costs_investment_over_lifetime\": 76726.31738, \"costs_om_total\": 391607.62428, \"costs_total\": 468333.94166, \"costs_upfront_in_year_zero\": 2.0, \"levelized_cost_of_energy_of_asset\": 2.46265}, \"Charge\": {\"Replacement_costs_during_project_lifetime\": 153.44863, \"annuity_om\": 237.53944, \"annuity_total\": 251.34755, \"costs_cost_om\": 2251.55667, \"costs_dispatch\": 422.61093, \"costs_investment_over_lifetime\": 155.44863, \"costs_om_total\": 2674.1676, \"costs_total\": 2829.61623, \"costs_upfront_in_year_zero\": 2.0, \"levelized_cost_of_energy_of_asset\": 13.39112}, \"DIscharge\": {\"Replacement_costs_during_project_lifetime\": 5402.51998, \"annuity_om\": 1000.0, \"annuity_total\": 1480.06964, \"costs_cost_om\": 11257.78334, \"costs_dispatch\": 0.0, \"costs_investment_over_lifetime\": 5404.51998, \"costs_om_total\": 11257.78334, \"costs_total\": 16662.30333, \"costs_upfront_in_year_zero\": 2.0, \"levelized_cost_of_energy_of_asset\": 0.0}, \"Electricity (DSO)_excess_sink\": {\"Replacement_costs_during_project_lifetime\": 0.0, \"annuity_om\": 0.0, \"annuity_total\": 0.0, \"costs_cost_om\": 0.0, \"costs_dispatch\": 0.0, \"costs_investment_over_lifetime\": 0.0, \"costs_om_total\": 0.0, \"costs_total\": 0.0, \"costs_upfront_in_year_zero\": 0.0, \"levelized_cost_of_energy_of_asset\": 0.0}, \"Electricity_excess_sink\": {\"Replacement_costs_during_project_lifetime\": 0.0, \"annuity_om\": 0.0, \"annuity_total\": 0.0, \"costs_cost_om\": 0.0, \"costs_dispatch\": 0.0, \"costs_investment_over_lifetime\": 0.0, \"costs_om_total\": 0.0, \"costs_total\": 0.0, \"costs_upfront_in_year_zero\": 0.0, \"levelized_cost_of_energy_of_asset\": 0.0}, \"Electricity_grid_DSO_consumption_period\": {\"Replacement_costs_during_project_lifetime\": 0.0, \"annuity_om\": 0.0, \"annuity_total\": 0.0, \"costs_cost_om\": 0.0, \"costs_dispatch\": 0.0, \"costs_investment_over_lifetime\": 0.0, \"costs_om_total\": 0.0, \"costs_total\": 0.0, \"costs_upfront_in_year_zero\": 0.0, \"levelized_cost_of_energy_of_asset\": 0.0}, \"Electricity_grid_DSO_consumption_source\": {\"Replacement_costs_during_project_lifetime\": 0.0, \"annuity_om\": 38054.8566, \"annuity_total\": 38054.8566, \"costs_cost_om\": 0.0, \"costs_dispatch\": 428413.3308, \"costs_investment_over_lifetime\": 0.0, \"costs_om_total\": 428413.3308, \"costs_total\": 428413.3308, \"costs_upfront_in_year_zero\": 0.0, \"levelized_cost_of_energy_of_asset\": 0.54}, \"Electricity_grid_DSO_feedin_sink_sink\": {\"Replacement_costs_during_project_lifetime\": 0.0, \"annuity_om\": 0.0, \"annuity_total\": 0.0, \"costs_cost_om\": 0.0, \"costs_dispatch\": 0.0, \"costs_investment_over_lifetime\": 0.0, \"costs_om_total\": 0.0, \"costs_total\": 0.0, \"costs_upfront_in_year_zero\": 0.0, \"levelized_cost_of_energy_of_asset\": 0.0}, \"demand_01\": {\"Replacement_costs_during_project_lifetime\": 0.0, \"annuity_om\": 0.0, \"annuity_total\": 0.0, \"costs_cost_om\": 0.0, \"costs_dispatch\": 0.0, \"costs_investment_over_lifetime\": 0.0, \"costs_om_total\": 0.0, \"costs_total\": 0.0, \"costs_upfront_in_year_zero\": 0.0, \"levelized_cost_of_energy_of_asset\": 0.0}, \"pv_plant_01\": {\"Replacement_costs_during_project_lifetime\": 0.0, \"annuity_om\": 0.0, \"annuity_total\": 0.0, \"costs_cost_om\": 0.0, \"costs_dispatch\": 0.0, \"costs_investment_over_lifetime\": 0.0, \"costs_om_total\": 0.0, \"costs_total\": 0.0, \"costs_upfront_in_year_zero\": 0.0, \"levelized_cost_of_energy_of_asset\": 0.0}, \"transformer_station_in\": {\"Replacement_costs_during_project_lifetime\": 0.0, \"annuity_om\": 0.0, \"annuity_total\": 0.0, \"costs_cost_om\": 0.0, \"costs_dispatch\": 0.0, \"costs_investment_over_lifetime\": 0.0, \"costs_om_total\": 0.0, \"costs_total\": 0.0, \"costs_upfront_in_year_zero\": 0.0, \"levelized_cost_of_energy_of_asset\": 0.0}}",
        "simulation": 6
    }
},
{
    "model": "dashboard.assetsresults",
    "pk": 3,
    "fields": {
        "assets_list": "{\"energy_consumption\": [{\"asset_type\": \"demand\", \"development_costs\": {\"unit\": \"currency\", \"value\": 0}, \"dispatch_price\": {\"unit\": \"currency/unit/year\", \"value\": 0}, \"energy_vector\": \"Electricity\", \"flow\": {\"unit\": \"kWh\", \"value\": [638.4483146841566, 756.0975609756099, 857.1252591153891, 934.6465384314336, 983.3784518483262, 1000.0, 983.3784518483262, 934.6465384314336, 857.1252591153892, 756.0975609756099, 638.4483146841567, 512.1951219512197, 385.94192921828267, 268.29268292682946, 167.26498478705022, 89.74370547100571, 41.011792054113045, 24.39024390243905, 41.011792054112995, 89.7437054710056, 167.26498478704994, 268.2926829268291, 385.9419292182822, 512.1951219512194, 638.4483146841567, 756.0975609756099, 857.125259115389, 934.6465384314334, 983.3784518483262, 1000.0, 983.3784518483262, 934.6465384314338, 857.125259115389, 756.0975609756098, 638.4483146841566, 512.1951219512198, 385.94192921828295, 268.29268292682974, 167.2649847870505, 89.74370547100554, 41.011792054113315, 24.39024390243905, 41.011792054112995, 89.74370547100533, 167.26498478705017, 268.2926829268286, 385.94192921828255, 512.1951219512193, 638.4483146841562, 756.0975609756102, 857.1252591153888, 934.6465384314336, 983.3784518483262, 1000.0, 983.378451848326, 934.6465384314339, 857.1252591153897, 756.0975609756099, 638.4483146841567, 512.1951219512208, 385.94192921828306, 268.29268292682985, 167.26498478704994, 89.74370547100602, 41.0117920541131, 24.39024390243905, 41.01179205411294, 89.74370547100571, 167.26498478704946, 268.2926829268293, 385.9419292182833, 512.1951219512192, 638.4483146841552, 756.0975609756093, 857.1252591153892, 934.6465384314332, 983.3784518483262, 1000.0, 983.3784518483262, 934.6465384314336, 857.1252591153897, 756.0975609756115, 638.448314684156, 512.19512195122, 385.9419292182823, 268.29268292682997, 167.26498478705125, 89.74370547100608, 41.01179205411315, 24.39024390243905, 41.01179205411288, 89.74370547100479, 167.2649847870494, 268.2926829268292, 385.9419292182832, 512.1951219512192, 638.4483146841552, 756.0975609756092, 857.1252591153891, 934.646538431434, 983.378451848326, 1000.0, 983.3784518483262, 934.6465384314336, 857.1252591153886, 756.0975609756101, 638.4483146841577, 512.1951219512201, 385.94192921828414, 268.29268292682855, 167.2649847870501, 89.74370547100614, 41.01179205411315, 24.39024390243905, 41.011792054113315, 89.7437054710056, 167.26498478704931, 268.29268292682906, 385.94192921828136, 512.1951219512172, 638.4483146841567, 756.0975609756091, 857.1252591153878, 934.646538431433, 983.378451848326, 1000.0, 983.3784518483258, 934.6465384314345, 857.1252591153899, 756.0975609756102, 638.4483146841562, 512.1951219512185, 385.94192921828426, 268.2926829268302, 167.26498478705022, 89.74370547100533, 41.011792054112775, 24.39024390243905, 41.01179205411283, 89.74370547100548, 167.264984787048, 268.2926829268305, 385.94192921828125, 512.1951219512189, 638.4483146841566, 756.0975609756075, 857.1252591153901, 934.646538431433, 983.378451848326, 1000.0, 983.3784518483269, 934.6465384314346, 857.12525911539, 756.0975609756103, 638.4483146841563, 512.1951219512221, 385.9419292182844, 268.29268292683025, 167.26498478705028, 89.74370547100538, 41.0117920541137, 24.39024390243905, 41.01179205411283, 89.74370547100371, 167.2649847870479, 268.29268292683037, 385.9419292182845, 512.1951219512188]}, \"installed_capacity\": {\"unit\": \"unit\", \"value\": 0.0}, \"label\": \"demand_01\", \"lifetime\": {\"unit\": \"year\", \"value\": 30}, \"optimize_capacity\": {\"unit\": \"bool\", \"value\": false}, \"specific_costs\": {\"unit\": \"currency/unit\", \"value\": 0}, \"specific_costs_om\": {\"unit\": \"currency/year\", \"value\": 0}, \"type_oemof\": \"sink\", \"unique_id\": \"05c6ca6c-4bd0-46f6-bdd0-3931dd73701c\"}], \"energy_conversion\": [{\"age_installed\": {\"unit\": \"year\", \"value\": 5.0}, \"asset_type\": \"transformer_station_in\", \"development_costs\": {\"unit\": \"currency\", \"value\": 0.0}, \"dispatch_price\": {\"unit\": \"currency/unit/year\", \"value\": 0.0}, \"efficiency\": {\"unit\": \"factor\", \"value\": 0.96}, \"energy_vector\": \"Electricity\", \"flow\": {\"unit\": \"kVA\", \"value\": [638.44831, 756.09756, 857.12526, 934.64654, 983.37845, 999.0, 952.37845, 854.64654, 696.12526, 487.09756, 230.44831, 0.0, 0.0, 0.0, 0.0, 0.0, 0.0, 0.0, 0.0, 0.0, 43.264985, 213.29268, 373.94193, 512.19512, 638.44831, 756.09756, 857.12526, 934.64654, 983.37845, 1000.0, 966.37845, 886.64654, 756.12526, 591.09756, 405.44831, 219.19512, 65.941929, 0.0, 0.0, 0.0, 0.0, 0.0, 0.0, 0.0, 105.26498, 240.29268, 380.94193, 512.19512, 638.44831, 756.09756, 857.12526, 934.64654, 983.37845, 999.0, 951.37845, 868.64654, 681.12526, 405.09756, 127.44831, 0.0, 0.0, 0.0, 0.0, 0.0, 0.0, 0.0, 0.0, 0.0, 49.264985, 215.29268, 370.94193, 512.19512, 638.44831, 756.09756, 857.12526, 934.64654, 983.37845, 1000.0, 971.37845, 884.64654, 746.12526, 558.09756, 333.44831, 169.19512, 54.941929, 0.0, 0.0, 0.0, 0.0, 0.0, 0.0, 0.0, 38.264985, 208.29268, 371.94193, 512.19512, 638.44831, 756.09756, 857.12526, 934.64654, 983.37845, 998.0, 950.37845, 878.64654, 672.12526, 370.09756, 68.448315, 0.0, 0.0, 0.0, 0.0, 0.0, 0.0, 0.0, 0.0, 0.0, 60.264985, 212.29268, 370.94193, 512.19512, 638.44831, 756.09756, 857.12526, 934.64654, 983.37845, 999.0, 951.37845, 870.64654, 683.12526, 407.09756, 115.44831, 0.0, 0.0, 0.0, 0.0, 0.0, 0.0, 0.0, 0.0, 0.0, 68.264985, 216.29268, 374.94193, 512.19512, 638.44831, 756.09756, 857.12526, 934.64654, 983.37845, 1000.0, 960.37845, 864.64654, 717.12526, 528.09756, 321.44831, 98.195122, 0.0, 0.0, 0.0, 0.0, 0.0, 0.0, 0.0, 0.0, 58.264985, 218.29268, 373.94193, 512.19512]}, \"installed_capacity\": {\"unit\": \"unit\", \"value\": 1250.0}, \"label\": \"transformer_station_in\", \"lifetime\": {\"unit\": \"year\", \"value\": 30}, \"maximum_capacity\": {\"unit\": \"kVA\", \"value\": null}, \"optimize_capacity\": {\"unit\": \"bool\", \"value\": false}, \"specific_costs\": {\"unit\": \"currency/unit\", \"value\": 0.0}, \"specific_costs_om\": {\"unit\": \"currency/year\", \"value\": 0.0}, \"type_oemof\": \"transformer\", \"unique_id\": \"1b86799a-8b37-4202-a5f8-4d821441e07b\"}, {\"age_installed\": {\"unit\": \"year\", \"value\": 0}, \"development_costs\": {\"unit\": \"currency\", \"value\": 0}, \"dispatch_price\": {\"unit\": \"currency/kWh/hour\", \"value\": 0}, \"efficiency\": {\"unit\": \"factor\", \"value\": 1}, \"energy_vector\": \"Electricity\", \"flow\": {\"unit\": \"?\", \"value\": [665.05033, 787.60163, 892.83881, 973.59014, 1024.3526, 1040.625, 992.06089, 890.25681, 725.13048, 507.39329, 240.05033, 0.0, 0.0, 0.0, 0.0, 0.0, 0.0, 0.0, 0.0, 0.0, 45.067692, 222.17988, 389.52284, 533.53659, 665.05033, 787.60163, 892.83881, 973.59014, 1024.3526, 1041.6667, 1006.6442, 923.59014, 787.63048, 615.72663, 422.34199, 228.32825, 68.68951, 0.0, 0.0, 0.0, 0.0, 0.0, 0.0, 0.0, 109.65103, 250.30488, 396.81451, 533.53659, 665.05033, 787.60163, 892.83881, 973.59014, 1024.3526, 1040.625, 991.01922, 904.84014, 709.50548, 421.97663, 132.75866, 0.0, 0.0, 0.0, 0.0, 0.0, 0.0, 0.0, 0.0, 0.0, 51.317692, 224.26321, 386.39784, 533.53659, 665.05033, 787.60163, 892.83881, 973.59014, 1024.3526, 1041.6667, 1011.8526, 921.50681, 777.21381, 581.35163, 347.34199, 176.24492, 57.231176, 0.0, 0.0, 0.0, 0.0, 0.0, 0.0, 0.0, 39.859359, 216.97154, 387.43951, 533.53659, 665.05033, 787.60163, 892.83881, 973.59014, 1024.3526, 1039.5833, 989.97755, 915.25681, 700.13048, 385.51829, 71.300328, 0.0, 0.0, 0.0, 0.0, 0.0, 0.0, 0.0, 0.0, 0.0, 62.776026, 221.13821, 386.39784, 533.53659, 665.05033, 787.60163, 892.83881, 973.59014, 1024.3526, 1040.625, 991.01922, 906.92348, 711.58881, 424.05996, 120.25866, 0.0, 0.0, 0.0, 0.0, 0.0, 0.0, 0.0, 0.0, 0.0, 71.109359, 225.30488, 390.56451, 533.53659, 665.05033, 787.60163, 892.83881, 973.59014, 1024.3526, 1041.6667, 1000.3942, 900.67348, 747.00548, 550.10163, 334.84199, 102.28659, 0.0, 0.0, 0.0, 0.0, 0.0, 0.0, 0.0, 0.0, 60.692692, 227.38821, 389.52284, 533.53659]}, \"installed_capacity\": {\"unit\": \"kWh\", \"value\": 0}, \"label\": \"Electricity_grid_DSO_consumption_period\", \"lifetime\": {\"unit\": \"year\", \"value\": 30}, \"maximum_capacity\": {\"unit\": \"?\", \"value\": null}, \"optimize_capacity\": {\"unit\": \"bool\", \"value\": true}, \"specific_costs\": {\"unit\": \"currency/kWh\", \"value\": 0}, \"specific_costs_om\": {\"unit\": \"currency/kWh/year\", \"value\": 0.0}, \"type_oemof\": \"transformer\"}], \"energy_production\": [{\"age_installed\": {\"unit\": \"year\", \"value\": 0.0}, \"asset_type\": \"pv_plant\", \"development_costs\": {\"unit\": \"currency\", \"value\": 0.0}, \"dispatch_price\": {\"unit\": \"currency/unit/year\", \"value\": 0.0}, \"dispatchable\": false, \"energy_vector\": \"Electricity\", \"flow\": {\"unit\": \"kWh\", \"value\": [0.0, 0.0, 0.0, 0.0, 0.0, 1.0, 31.0, 80.0, 161.0, 269.0, 408.0, 591.0, 677.0, 710.0, 713.0, 680.0, 574.0, 441.0, 324.0, 228.0, 124.0, 55.0, 12.0, 0.0, 0.0, 0.0, 0.0, 0.0, 0.0, 0.0, 17.0, 48.0, 101.0, 165.0, 233.0, 293.0, 320.0, 307.0, 305.0, 322.0, 306.0, 238.0, 173.0, 113.0, 62.0, 28.0, 5.0, 0.0, 0.0, 0.0, 0.0, 0.0, 0.0, 1.0, 32.0, 66.0, 176.0, 351.0, 511.0, 637.0, 751.0, 811.0, 826.0, 800.0, 702.0, 579.0, 436.0, 276.0, 118.0, 53.0, 15.0, 0.0, 0.0, 0.0, 0.0, 0.0, 0.0, 0.0, 12.0, 50.0, 111.0, 198.0, 305.0, 343.0, 331.0, 484.0, 652.0, 762.0, 523.0, 312.0, 329.0, 265.0, 129.0, 60.0, 14.0, 0.0, 0.0, 0.0, 0.0, 0.0, 0.0, 2.0, 33.0, 56.0, 185.0, 386.0, 570.0, 714.0, 776.0, 603.0, 387.0, 284.0, 264.0, 228.0, 187.0, 156.0, 107.0, 56.0, 15.0, 0.0, 0.0, 0.0, 0.0, 0.0, 0.0, 1.0, 32.0, 64.0, 174.0, 349.0, 523.0, 666.0, 765.0, 773.0, 757.0, 711.0, 606.0, 450.0, 242.0, 145.0, 99.0, 52.0, 11.0, 0.0, 0.0, 0.0, 0.0, 0.0, 0.0, 0.0, 23.0, 70.0, 140.0, 228.0, 317.0, 414.0, 506.0, 537.0, 535.0, 534.0, 472.0, 427.0, 312.0, 209.0, 109.0, 50.0, 12.0, 0.0]}, \"installed_capacity\": {\"unit\": \"unit\", \"value\": 1000.0}, \"label\": \"pv_plant_01\", \"lifetime\": {\"unit\": \"year\", \"value\": 30}, \"maximum_capacity\": {\"unit\": \"kWh\", \"value\": null}, \"optimize_capacity\": {\"unit\": \"bool\", \"value\": false}, \"renewable_asset\": {\"unit\": \"bool\", \"value\": true}, \"specific_costs\": {\"unit\": \"currency/unit\", \"value\": 0.0}, \"specific_costs_om\": {\"unit\": \"currency/year\", \"value\": 0.0}, \"type_oemof\": \"source\", \"unique_id\": \"882e7bff-0689-47e3-a9c0-b82214ee524a\"}, {\"age_installed\": {\"unit\": \"year\", \"value\": 0}, \"development_costs\": {\"unit\": \"currency\", \"value\": 0}, \"dispatch_price\": {\"unit\": \"currency/kWh\", \"value\": 0.54}, \"dispatchable\": true, \"energy_vector\": \"Electricity\", \"flow\": {\"unit\": \"?\", \"value\": [665.05033, 787.60163, 892.83881, 973.59014, 1024.3526, 1040.625, 992.06089, 890.25681, 725.13048, 507.39329, 240.05033, 0.0, 0.0, 0.0, 0.0, 0.0, 0.0, 0.0, 0.0, 0.0, 45.067692, 222.17988, 389.52284, 533.53659, 665.05033, 787.60163, 892.83881, 973.59014, 1024.3526, 1041.6667, 1006.6442, 923.59014, 787.63048, 615.72663, 422.34199, 228.32825, 68.68951, 0.0, 0.0, 0.0, 0.0, 0.0, 0.0, 0.0, 109.65103, 250.30488, 396.81451, 533.53659, 665.05033, 787.60163, 892.83881, 973.59014, 1024.3526, 1040.625, 991.01922, 904.84014, 709.50548, 421.97663, 132.75866, 0.0, 0.0, 0.0, 0.0, 0.0, 0.0, 0.0, 0.0, 0.0, 51.317692, 224.26321, 386.39784, 533.53659, 665.05033, 787.60163, 892.83881, 973.59014, 1024.3526, 1041.6667, 1011.8526, 921.50681, 777.21381, 581.35163, 347.34199, 176.24492, 57.231176, 0.0, 0.0, 0.0, 0.0, 0.0, 0.0, 0.0, 39.859359, 216.97154, 387.43951, 533.53659, 665.05033, 787.60163, 892.83881, 973.59014, 1024.3526, 1039.5833, 989.97755, 915.25681, 700.13048, 385.51829, 71.300328, 0.0, 0.0, 0.0, 0.0, 0.0, 0.0, 0.0, 0.0, 0.0, 62.776026, 221.13821, 386.39784, 533.53659, 665.05033, 787.60163, 892.83881, 973.59014, 1024.3526, 1040.625, 991.01922, 906.92348, 711.58881, 424.05996, 120.25866, 0.0, 0.0, 0.0, 0.0, 0.0, 0.0, 0.0, 0.0, 0.0, 71.109359, 225.30488, 390.56451, 533.53659, 665.05033, 787.60163, 892.83881, 973.59014, 1024.3526, 1041.6667, 1000.3942, 900.67348, 747.00548, 550.10163, 334.84199, 102.28659, 0.0, 0.0, 0.0, 0.0, 0.0, 0.0, 0.0, 0.0, 60.692692, 227.38821, 389.52284, 533.53659]}, \"installed_capacity\": {\"unit\": \"unit\", \"value\": 0.0}, \"label\": \"Electricity_grid_DSO_consumption\", \"lifetime\": {\"unit\": \"year\", \"value\": 30}, \"maximum_capacity\": {\"unit\": \"?\", \"value\": null}, \"optimize_capacity\": {\"unit\": \"bool\", \"value\": true}, \"specific_costs\": {\"unit\": \"currency/unit\", \"value\": 0}, \"specific_costs_om\": {\"unit\": \"currency/year\", \"value\": 0}, \"type_oemof\": \"source\"}], \"energy_providers\": [{\"connected_consumption_sources\": \"Electricity_grid_DSO_consumption_source\", \"connected_feedin_sink\": \"Electricity_grid_DSO_feedin_sink\", \"development_costs\": {\"unit\": \"currency\", \"value\": 0}, \"dispatch_price\": {\"unit\": \"currency/unit/year\", \"value\": 0}, \"energy_price\": {\"unit\": \"currency/kWh\", \"value\": 0.54}, \"energy_vector\": \"Electricity\", \"feedin_tariff\": {\"unit\": \"currency/kWh\", \"value\": 0.4}, \"installed_capacity\": {\"unit\": \"unit\", \"value\": 0.0}, \"label\": \"Electricity_grid_DSO\", \"lifetime\": {\"unit\": \"year\", \"value\": 30}, \"optimize_capacity\": {\"unit\": \"bool\", \"value\": true}, \"peak_demand_pricing\": {\"unit\": \"currency/kW\", \"value\": 0.0}, \"peak_demand_pricing_period\": {\"unit\": \"times per year (1,2,3,4,6,12)\", \"value\": 1}, \"renewable_share\": {\"unit\": \"factor\", \"value\": 0.1}, \"specific_costs\": {\"unit\": \"currency/unit\", \"value\": 0}, \"specific_costs_om\": {\"unit\": \"currency/year\", \"value\": 0}, \"type_oemof\": \"source\"}], \"energy_storage\": [{\"asset_type\": \"ess\", \"energy_vector\": \"Electricity\", \"input power\": {\"age_installed\": {\"unit\": \"year\", \"value\": 0.0}, \"annual_total_flow\": {\"unit\": \"kWh\", \"value\": 978.7069385928565}, \"annuity_of_specific_investment_costs_and_specific_annual_om\": {\"unit\": \"currency/unit/year\", \"value\": 2.313959350602119}, \"annuity_om\": {\"unit\": \"currency/year\", \"value\": 237.53944421999998}, \"annuity_total\": {\"unit\": \"currency/year\", \"value\": 251.34754746953197}, \"asset_type\": \"charging_power\", \"average_flow\": {\"unit\": \"kW\", \"value\": 0.11172453636904756}, \"c_rate\": {\"unit\": \"factor of total capacity (kWh)\", \"value\": 0.2}, \"costs_cost_om\": {\"unit\": \"EUR\", \"value\": 2251.556668625497}, \"costs_dispatch\": {\"unit\": \"EUR\", \"value\": 422.6109298501791}, \"costs_investment_over_lifetime\": {\"unit\": \"EUR\", \"value\": 155.44863476276558}, \"costs_om_total\": {\"value\": 2674.167598475676}, \"costs_total\": {\"unit\": \"EUR\", \"value\": 2829.616233238442}, \"costs_upfront_in_year_zero\": {\"unit\": \"EUR\", \"value\": 2.0}, \"development_costs\": {\"unit\": \"currency\", \"value\": 2.0}, \"dispatch_price\": {\"unit\": \"currency/unit/year\", \"value\": 2.0}, \"dispatchable\": false, \"efficiency\": {\"unit\": \"factor\", \"value\": 0.9}, \"flow\": {\"unit\": \"kW\", \"value\": [0.0, 0.0, 0.0, 0.0, 0.0, 0.0, 0.0, 0.0, 0.0, 0.0, 0.0, 0.11111111, 0.11111111, 0.11111111, 0.11111111, 0.11111111, 0.11111111, 0.11111111, 0.11111111, 2.0171082, 0.0, 0.0, 0.0, 0.0, 0.0, 0.0, 0.0, 0.0, 0.0, 0.0, 0.0, 0.0, 0.0, 0.0, 0.0, 0.0, 0.0, 0.11111111, 0.11111111, 0.11111111, 0.11111111, 0.11111111, 0.11111111, 1.791187, 0.0, 0.0, 0.0, 0.0, 0.0, 0.0, 0.0, 0.0, 0.0, 0.0, 0.0, 0.0, 0.0, 0.0, 0.0, 0.11111111, 0.11111111, 0.11111111, 0.11111111, 0.11111111, 0.11111111, 0.11111111, 0.11111111, 2.0171082, 0.0, 0.0, 0.0, 0.0, 0.0, 0.0, 0.0, 0.0, 0.0, 0.0, 0.0, 0.0, 0.0, 0.0, 0.0, 0.0, 0.0, 0.11111111, 0.11111111, 0.11111111, 0.11111111, 0.11111111, 0.11111111, 1.791187, 0.0, 0.0, 0.0, 0.0, 0.0, 0.0, 0.0, 0.0, 0.0, 0.0, 0.0, 0.0, 0.0, 0.0, 0.0, 0.11111111, 0.11111111, 0.11111111, 0.11111111, 0.11111111, 0.11111111, 0.11111111, 0.11111111, 1.791187, 0.0, 0.0, 0.0, 0.0, 0.0, 0.0, 0.0, 0.0, 0.0, 0.0, 0.0, 0.0, 0.0, 0.0, 0.0, 0.11111111, 0.11111111, 0.11111111, 0.11111111, 0.11111111, 0.11111111, 0.11111111, 0.11111111, 1.9040911, 0.0, 0.0, 0.0, 0.0, 0.0, 0.0, 0.0, 0.0, 0.0, 0.0, 0.0, 0.0, 0.0, 0.0, 0.0, 0.0, 0.11111111, 0.11111111, 0.11111111, 0.11111111, 0.11111111, 0.11111111, 0.11111111, 1.791187, 0.0, 0.0, 0.0, 0.0]}, \"installed_capacity\": {\"unit\": \"unit\", \"value\": 100.0}, \"label\": \"Charge\", \"levelized_cost_of_energy_of_asset\": {\"unit\": \"currency/kWh\", \"value\": 13.391117140494101}, \"lifetime\": {\"unit\": \"year\", \"value\": 10}, \"lifetime_price_dispatch\": {\"unit\": \"kW/hour\", \"value\": 22.51556668625497}, \"lifetime_specific_cost\": {\"unit\": \"currency/unit\", \"value\": 3.534486347627656}, \"lifetime_specific_cost_om\": {\"unit\": \"currency/ye\", \"value\": 22.51556668625497}, \"maximum_capacity\": {\"unit\": \"kW\", \"value\": null}, \"optimize_capacity\": {\"unit\": \"bool\", \"value\": false}, \"optimizedAddCap\": {\"unit\": \"kWh\", \"value\": 0}, \"peak_flow\": {\"unit\": \"kW\", \"value\": 2.0171082}, \"replacement_costs_during_project_lifetime\": {\"unit\": \"EUR\", \"value\": 153.44863476276558}, \"simulation_annuity\": {\"unit\": \"currency/unit/evaluated_period\", \"value\": 0.04437730261428721}, \"specific_costs\": {\"unit\": \"currency/unit\", \"value\": 2.0}, \"specific_costs_om\": {\"unit\": \"currency/year\", \"value\": 2.0}, \"specific_replacement_costs_of_installed_capacity\": {\"unit\": \"currency/unit\", \"value\": 1.5344863476276558}, \"specific_replacement_costs_of_optimized_capacity\": {\"unit\": \"currency/unit\", \"value\": 1.5344863476276558}, \"total_flow\": {\"unit\": \"kWh\", \"value\": 18.76972210999999}, \"unique_id\": \"64d2a92d-880f-41ff-989f-1f71b657db94\"}, \"label\": \"ESS1\", \"optimize_capacity\": {\"unit\": \"bool\", \"value\": false}, \"output power\": {\"age_installed\": {\"unit\": \"year\", \"value\": 0.0}, \"annual_total_flow\": {\"unit\": \"kWh\", \"value\": 0.0}, \"annuity_of_specific_investment_costs_and_specific_annual_om\": {\"unit\": \"currency/unit/year\", \"value\": 3.137438834746429}, \"annuity_om\": {\"unit\": \"currency/year\", \"value\": 1000.0}, \"annuity_total\": {\"unit\": \"currency/year\", \"value\": 1480.0696388527167}, \"asset_type\": \"discharging_power\", \"average_flow\": {\"unit\": \"kW\", \"value\": 0.0}, \"c_rate\": {\"unit\": \"factor of total capacity (kWh)\", \"value\": 1.0}, \"costs_cost_om\": {\"unit\": \"EUR\", \"value\": 11257.783343127485}, \"costs_dispatch\": {\"unit\": \"EUR\", \"value\": 0.0}, \"costs_investment_over_lifetime\": {\"unit\": \"EUR\", \"value\": 5404.519983817343}, \"costs_om_total\": {\"value\": 11257.783343127485}, \"costs_total\": {\"unit\": \"EUR\", \"value\": 16662.303326944828}, \"costs_upfront_in_year_zero\": {\"unit\": \"EUR\", \"value\": 2.0}, \"development_costs\": {\"unit\": \"currency\", \"value\": 2.0}, \"dispatch_price\": {\"unit\": \"currency/unit/year\", \"value\": 2.0}, \"dispatchable\": false, \"efficiency\": {\"unit\": \"factor\", \"value\": 0.9}, \"flow\": {\"unit\": \"kW\", \"value\": [0.0, 0.0, 0.0, 0.0, 0.0, 0.0, 0.0, 0.0, 0.0, 0.0, 0.0, 0.0, 0.0, 0.0, 0.0, 0.0, 0.0, 0.0, 0.0, 0.0, 0.0, 0.0, 0.0, 0.0, 0.0, 0.0, 0.0, 0.0, 0.0, 0.0, 0.0, 0.0, 0.0, 0.0, 0.0, 0.0, 0.0, 0.0, 0.0, 0.0, 0.0, 0.0, 0.0, 0.0, 0.0, 0.0, 0.0, 0.0, 0.0, 0.0, 0.0, 0.0, 0.0, 0.0, 0.0, 0.0, 0.0, 0.0, 0.0, 0.0, 0.0, 0.0, 0.0, 0.0, 0.0, 0.0, 0.0, 0.0, 0.0, 0.0, 0.0, 0.0, 0.0, 0.0, 0.0, 0.0, 0.0, 0.0, 0.0, 0.0, 0.0, 0.0, 0.0, 0.0, 0.0, 0.0, 0.0, 0.0, 0.0, 0.0, 0.0, 0.0, 0.0, 0.0, 0.0, 0.0, 0.0, 0.0, 0.0, 0.0, 0.0, 0.0, 0.0, 0.0, 0.0, 0.0, 0.0, 0.0, 0.0, 0.0, 0.0, 0.0, 0.0, 0.0, 0.0, 0.0, 0.0, 0.0, 0.0, 0.0, 0.0, 0.0, 0.0, 0.0, 0.0, 0.0, 0.0, 0.0, 0.0, 0.0, 0.0, 0.0, 0.0, 0.0, 0.0, 0.0, 0.0, 0.0, 0.0, 0.0, 0.0, 0.0, 0.0, 0.0, 0.0, 0.0, 0.0, 0.0, 0.0, 0.0, 0.0, 0.0, 0.0, 0.0, 0.0, 0.0, 0.0, 0.0, 0.0, 0.0, 0.0, 0.0, 0.0, 0.0, 0.0, 0.0, 0.0, 0.0]}, \"installed_capacity\": {\"unit\": \"unit\", \"value\": 500.0}, \"label\": \"DIscharge\", \"levelized_cost_of_energy_of_asset\": {\"unit\": \"currency/kWh\", \"value\": 0}, \"lifetime\": {\"unit\": \"year\", \"value\": 2}, \"lifetime_price_dispatch\": {\"unit\": \"kW/hour\", \"value\": 22.51556668625497}, \"lifetime_specific_cost\": {\"unit\": \"currency/unit\", \"value\": 12.805039967634686}, \"lifetime_specific_cost_om\": {\"unit\": \"currency/ye\", \"value\": 22.51556668625497}, \"maximum_capacity\": {\"unit\": \"kW\", \"value\": null}, \"optimize_capacity\": {\"unit\": \"bool\", \"value\": false}, \"optimizedAddCap\": {\"unit\": \"kWh\", \"value\": 0}, \"peak_flow\": {\"unit\": \"kW\", \"value\": 0.0}, \"replacement_costs_during_project_lifetime\": {\"unit\": \"EUR\", \"value\": 5402.519983817343}, \"simulation_annuity\": {\"unit\": \"currency/unit/evaluated_period\", \"value\": 0.060170059844452055}, \"specific_costs\": {\"unit\": \"currency/unit\", \"value\": 2.0}, \"specific_costs_om\": {\"unit\": \"currency/year\", \"value\": 2.0}, \"specific_replacement_costs_of_installed_capacity\": {\"unit\": \"currency/unit\", \"value\": 10.805039967634686}, \"specific_replacement_costs_of_optimized_capacity\": {\"unit\": \"currency/unit\", \"value\": 10.805039967634686}, \"total_flow\": {\"unit\": \"kWh\", \"value\": 0.0}, \"unique_id\": \"ce92f00f-7ed0-4a61-be92-8cc185ca7bbf\"}, \"storage capacity\": {\"age_installed\": {\"unit\": \"year\", \"value\": 0.0}, \"annual_total_flow\": {\"unit\": \"kWh\", \"value\": 880836.2541714289}, \"annuity_of_specific_investment_costs_and_specific_annual_om\": {\"unit\": \"currency/unit/year\", \"value\": 33.39593506021188}, \"annuity_om\": {\"unit\": \"currency/year\", \"value\": 34785.50016000001}, \"annuity_total\": {\"unit\": \"currency/year\", \"value\": 41600.9020062455}, \"asset_type\": \"capacity\", \"average_flow\": {\"unit\": \"kW\", \"value\": 100.55208380952384}, \"costs_cost_om\": {\"unit\": \"EUR\", \"value\": 11257.783343127485}, \"costs_dispatch\": {\"unit\": \"EUR\", \"value\": 380349.84094047913}, \"costs_investment_over_lifetime\": {\"unit\": \"EUR\", \"value\": 76726.31738138279}, \"costs_om_total\": {\"value\": 391607.6242836066}, \"costs_total\": {\"unit\": \"EUR\", \"value\": 468333.9416649894}, \"costs_upfront_in_year_zero\": {\"unit\": \"EUR\", \"value\": 2.0}, \"development_costs\": {\"unit\": \"currency\", \"value\": 2.0}, \"dispatch_price\": {\"unit\": \"currency/unit/year\", \"value\": 2.0}, \"dispatchable\": false, \"efficiency\": {\"unit\": \"factor\", \"value\": 0.999}, \"flow\": {\"unit\": \"kWh\", \"value\": [101.00552, 100.90452, 100.80361, 100.70281, 100.60211, 100.5015, 100.401, 100.3006, 100.2003, 100.1001, 100.0, 100.0, 100.0, 100.0, 100.0, 100.0, 100.0, 100.0, 100.0, 101.7154, 101.61368, 101.51207, 101.41056, 101.30915, 101.20784, 101.10663, 101.00552, 100.90452, 100.80361, 100.70281, 100.60211, 100.5015, 100.401, 100.3006, 100.2003, 100.1001, 100.0, 100.0, 100.0, 100.0, 100.0, 100.0, 100.0, 101.51207, 101.41056, 101.30915, 101.20784, 101.10663, 101.00552, 100.90452, 100.80361, 100.70281, 100.60211, 100.5015, 100.401, 100.3006, 100.2003, 100.1001, 100.0, 100.0, 100.0, 100.0, 100.0, 100.0, 100.0, 100.0, 100.0, 101.7154, 101.61368, 101.51207, 101.41056, 101.30915, 101.20784, 101.10663, 101.00552, 100.90452, 100.80361, 100.70281, 100.60211, 100.5015, 100.401, 100.3006, 100.2003, 100.1001, 100.0, 100.0, 100.0, 100.0, 100.0, 100.0, 100.0, 101.51207, 101.41056, 101.30915, 101.20784, 101.10663, 101.00552, 100.90452, 100.80361, 100.70281, 100.60211, 100.5015, 100.401, 100.3006, 100.2003, 100.1001, 100.0, 100.0, 100.0, 100.0, 100.0, 100.0, 100.0, 100.0, 100.0, 101.51207, 101.41056, 101.30915, 101.20784, 101.10663, 101.00552, 100.90452, 100.80361, 100.70281, 100.60211, 100.5015, 100.401, 100.3006, 100.2003, 100.1001, 100.0, 100.0, 100.0, 100.0, 100.0, 100.0, 100.0, 100.0, 100.0, 101.61368, 101.51207, 101.41056, 101.30915, 101.20784, 101.10663, 101.00552, 100.90452, 100.80361, 100.70281, 100.60211, 100.5015, 100.401, 100.3006, 100.2003, 100.1001, 100.0, 100.0, 100.0, 100.0, 100.0, 100.0, 100.0, 100.0, 101.51207, 101.41056, 101.30915, 101.20784, 101.10663]}, \"installed_capacity\": {\"unit\": \"unit\", \"value\": 500.0}, \"label\": \"Cap\", \"levelized_cost_of_energy_of_asset\": {\"unit\": \"currency/kWh\", \"value\": 2.4626482845737745}, \"lifetime\": {\"unit\": \"year\", \"value\": 10}, \"lifetime_price_dispatch\": {\"unit\": \"kWh/hour\", \"value\": 22.51556668625497}, \"lifetime_specific_cost\": {\"unit\": \"currency/unit\", \"value\": 353.44863476276555}, \"lifetime_specific_cost_om\": {\"unit\": \"currency/ye\", \"value\": 22.51556668625497}, \"maximum_capacity\": {\"unit\": \"kWh\", \"value\": null}, \"optimize_capacity\": {\"unit\": \"bool\", \"value\": false}, \"optimizedAddCap\": {\"unit\": \"kWh\", \"value\": 0}, \"peak_flow\": {\"unit\": \"kW\", \"value\": 101.7154}, \"replacement_costs_during_project_lifetime\": {\"unit\": \"EUR\", \"value\": 76724.31738138279}, \"simulation_annuity\": {\"unit\": \"currency/unit/evaluated_period\", \"value\": 0.6404699874561183}, \"soc_initial\": {\"unit\": \"None\", \"value\": null}, \"soc_max\": {\"unit\": \"factor\", \"value\": 1.0}, \"soc_min\": {\"unit\": \"factor\", \"value\": 0.2}, \"specific_costs\": {\"unit\": \"currency/unit\", \"value\": 200.0}, \"specific_costs_om\": {\"unit\": \"currency/year\", \"value\": 2.0}, \"specific_replacement_costs_of_installed_capacity\": {\"unit\": \"currency/unit\", \"value\": 153.44863476276558}, \"specific_replacement_costs_of_optimized_capacity\": {\"unit\": \"currency/unit\", \"value\": 153.44863476276558}, \"total_flow\": {\"unit\": \"kWh\", \"value\": 16892.750080000005}, \"unique_id\": \"f541df07-4579-4541-ac5e-f358fbae97de\"}, \"timeseries_soc\": {\"unit\": \"kWh\", \"value\": [0.20201104, 0.20180904000000002, 0.20160722, 0.20140562, 0.20120422, 0.201003, 0.20080199999999998, 0.2006012, 0.20040059999999998, 0.2002002, 0.2, 0.2, 0.2, 0.2, 0.2, 0.2, 0.2, 0.2, 0.2, 0.2034308, 0.20322736, 0.20302414, 0.20282112000000002, 0.2026183, 0.20241568000000001, 0.20221325999999998, 0.20201104, 0.20180904000000002, 0.20160722, 0.20140562, 0.20120422, 0.201003, 0.20080199999999998, 0.2006012, 0.20040059999999998, 0.2002002, 0.2, 0.2, 0.2, 0.2, 0.2, 0.2, 0.2, 0.20302414, 0.20282112000000002, 0.2026183, 0.20241568000000001, 0.20221325999999998, 0.20201104, 0.20180904000000002, 0.20160722, 0.20140562, 0.20120422, 0.201003, 0.20080199999999998, 0.2006012, 0.20040059999999998, 0.2002002, 0.2, 0.2, 0.2, 0.2, 0.2, 0.2, 0.2, 0.2, 0.2, 0.2034308, 0.20322736, 0.20302414, 0.20282112000000002, 0.2026183, 0.20241568000000001, 0.20221325999999998, 0.20201104, 0.20180904000000002, 0.20160722, 0.20140562, 0.20120422, 0.201003, 0.20080199999999998, 0.2006012, 0.20040059999999998, 0.2002002, 0.2, 0.2, 0.2, 0.2, 0.2, 0.2, 0.2, 0.20302414, 0.20282112000000002, 0.2026183, 0.20241568000000001, 0.20221325999999998, 0.20201104, 0.20180904000000002, 0.20160722, 0.20140562, 0.20120422, 0.201003, 0.20080199999999998, 0.2006012, 0.20040059999999998, 0.2002002, 0.2, 0.2, 0.2, 0.2, 0.2, 0.2, 0.2, 0.2, 0.2, 0.20302414, 0.20282112000000002, 0.2026183, 0.20241568000000001, 0.20221325999999998, 0.20201104, 0.20180904000000002, 0.20160722, 0.20140562, 0.20120422, 0.201003, 0.20080199999999998, 0.2006012, 0.20040059999999998, 0.2002002, 0.2, 0.2, 0.2, 0.2, 0.2, 0.2, 0.2, 0.2, 0.2, 0.20322736, 0.20302414, 0.20282112000000002, 0.2026183, 0.20241568000000001, 0.20221325999999998, 0.20201104, 0.20180904000000002, 0.20160722, 0.20140562, 0.20120422, 0.201003, 0.20080199999999998, 0.2006012, 0.20040059999999998, 0.2002002, 0.2, 0.2, 0.2, 0.2, 0.2, 0.2, 0.2, 0.2, 0.20302414, 0.20282112000000002, 0.2026183, 0.20241568000000001, 0.20221325999999998]}, \"type_oemof\": \"storage\"}]}",
        "simulation": 6
    }
}
]
